{"loss": [1.1016358137130737, 1.0903782844543457, 1.0777506828308105, 1.067484974861145, 1.0555092096328735, 1.0359033346176147, 1.0145939588546753, 0.9942073225975037, 0.9756028056144714, 0.9690425992012024], "accuracy": [0.2063492089509964, 0.4444444477558136, 0.460317462682724, 0.4285714328289032, 0.5079365372657776, 0.4285714328289032, 0.4444444477558136, 0.4444444477558136, 0.4126984179019928, 0.460317462682724], "val_loss": [1.0920133590698242, 1.0820304155349731, 1.0725367069244385, 1.0606870651245117, 1.0463244915008545, 1.0284550189971924, 1.0073124170303345, 0.9901975393295288, 0.999089241027832, 0.9989668726921082], "val_accuracy": [0.375, 0.375, 0.375, 0.375, 0.375, 0.375, 0.375, 0.375, 0.375, 0.375]}